{"flutter":{"platforms":{"android":{"default":{"projectId":"e-learning-app-ddf1f","appId":"1:430820266411:android:ddd967160a939bba9e42ee","fileOutput":"android/app/google-services.json"}},"dart":{"lib/firebase_options.dart":{"projectId":"e-learning-app-ddf1f","configurations":{"android":"1:430820266411:android:ddd967160a939bba9e42ee","ios":"1:430820266411:ios:b2aba80ab0da461e9e42ee","macos":"1:430820266411:ios:b2aba80ab0da461e9e42ee","web":"1:430820266411:web:c97dbcdbb445f2dd9e42ee","windows":"1:430820266411:web:69254703330ea18b9e42ee"}}}}}}