{
  "project_info": {
    "project_number": "430820266411",
    "project_id": "e-learning-app-ddf1f",
    "storage_bucket": "e-learning-app-ddf1f.appspot.com"
  },
  "client": [
    {
      "client_info": {
        "mobilesdk_app_id": "1:430820266411:android:ddd967160a939bba9e42ee",
        "android_client_info": {
          "package_name": "com.project.E_learningapp"
        }
      },
      "oauth_client": [],
      "api_key": [
        {
          "current_key": "AIzaSyA6JdEgTB69Fo5QnljqoOQPqoQX92JGfeI"
        }
      ],
      "services": {
        "appinvite_service": {
          "other_platform_oauth_client": []
        }
      }
    },
    {
      "client_info": {
        "mobilesdk_app_id": "1:430820266411:android:4e54974702d4da6b9e42ee",
        "android_client_info": {
          "package_name": "com.project.E_learningapp"
        }
      },
      "oauth_client": [],
      "api_key": [
        {
          "current_key": "AIzaSyA6JdEgTB69Fo5QnljqoOQPqoQX92JGfeI"
        }
      ],
      "services": {
        "appinvite_service": {
          "other_platform_oauth_client": []
        }
      }
    }
  ],
  "configuration_version": "1"
}